brand,model,generation,url
Hyundai,Getz,1 поколение [рестайлинг] (2005 - 2011),https://static.am/automobile_m3/document/l/3/2c/32ce5054a700bba221a5bd7eb0b5604e.jpg
Hyundai,Getz,1 поколение [рестайлинг] (2005 - 2011),https://static.am/automobile_m3/document/l/7/b6/7b6b62378ace4fff2b913491104ae2ff.jpg
Hyundai,Getz,1 поколение [рестайлинг] (2005 - 2011),https://static.am/automobile_m3/document/l/a/c1/ac19a49359b643bc0b2572bfdf468eda.jpg
Hyundai,Getz,1 поколение [рестайлинг] (2005 - 2011),https://static.am/automobile_m3/document/l/9/89/989ec773781f5f22c1208a0bf9bf56f1.jpg
Hyundai,Getz,1 поколение [рестайлинг] (2005 - 2011),https://static.am/automobile_m3/document/l/e/18/e18df8dc913f33e304ec56f8f53ee7ab.jpg
Hyundai,Getz,1 поколение [рестайлинг] (2005 - 2011),https://static.am/automobile_m3/document/l/b/5e/b5ef365855c3d85e69c0881399724a4a.jpg
Hyundai,Getz,1 поколение [рестайлинг] (2005 - 2011),https://static.am/automobile_m3/document/l/b/a4/ba4857687034c3c098be40c14eb8306e.jpg
Daewoo,Nexia,1 поколение [2-й рестайлинг] (2008 - 2016),https://static.am/automobile_m3/document/l/9/51/951afa9b72312fd17fa75352b4545939.jpg
Daewoo,Nexia,1 поколение [2-й рестайлинг] (2008 - 2016),https://static.am/automobile_m3/document/l/3/63/363b78fe5d9ea9324e421f1ee39271ab.jpg
Daewoo,Nexia,1 поколение [2-й рестайлинг] (2008 - 2016),https://static.am/automobile_m3/document/l/0/69/069ad0d97f1dd212f0c066d24baf345a.jpg
Daewoo,Nexia,1 поколение [2-й рестайлинг] (2008 - 2016),https://static.am/automobile_m3/document/l/b/1f/b1f1fce32aff907f598fc14806a95b9e.jpg
Daewoo,Nexia,1 поколение [2-й рестайлинг] (2008 - 2016),https://static.am/automobile_m3/document/l/9/08/908f0132b0e7f7b575502cb4c219ca77.jpg
BMW,1 серия (116),E81/E82/E87/E88 [рестайлинг] (2007 - 2012),https://static.am/automobile_m3/document/l/8/13/813fe7d2175dd83d80846dfb50114147.jpg
BMW,1 серия (116),E81/E82/E87/E88 [рестайлинг] (2007 - 2012),https://static.am/automobile_m3/document/l/d/9e/d9e627de553710f2ed6a09d2e72e6d6e.jpg
BMW,1 серия (116),E81/E82/E87/E88 [рестайлинг] (2007 - 2012),https://static.am/automobile_m3/document/l/c/89/c897981f111f260970730ea2bcbd9be8.jpg
BMW,1 серия (116),E81/E82/E87/E88 [рестайлинг] (2007 - 2012),https://static.am/automobile_m3/document/l/a/ea/aea78a25e38184fb65f09664c012dfd5.jpg
ВАЗ (Lada),2114,1 поколение (2001 - 2013),https://static.am/automobile_m3/document/l/3/3e/33e84954781060c2f398ee09bdacc229.jpg
ВАЗ (Lada),2114,1 поколение (2001 - 2013),https://static.am/automobile_m3/document/l/0/db/0dbb9359d5e8c8109169ddd0851c7b49.jpg
ВАЗ (Lada),2114,1 поколение (2001 - 2013),https://static.am/automobile_m3/document/l/d/d3/dd33dd115c0af414f18d8b4c12557fa5.jpg
ВАЗ (Lada),2114,1 поколение (2001 - 2013),https://static.am/automobile_m3/document/l/0/ec/0ec82b6a91e43f7e9fb94c9b8dadae72.jpg
ВАЗ (Lada),2114,1 поколение (2001 - 2013),https://static.am/automobile_m3/document/l/4/bc/4bc18d1d2a41741ffd17266dfe9130f3.jpg
ВАЗ (Lada),2114,1 поколение (2001 - 2013),https://static.am/automobile_m3/document/l/d/55/d5566ea6c4f5304d8afad5c45207230e.jpg
ВАЗ (Lada),2114,1 поколение (2001 - 2013),https://static.am/automobile_m3/document/l/1/dc/1dc07f047e5899331a5ffcbb135f45ee.jpg
Toyota,Land Cruiser (200),J200 (2007 - 2012),https://static.am/automobile_m3/document/l/d/3d/d3d910e4bc5dfcac8cff891e3861bb2e.jpg
Toyota,Land Cruiser (200),J200 (2007 - 2012),https://static.am/automobile_m3/document/l/2/16/2160a9b8d9887240b18f8b2f2e8573cc.jpg
Toyota,Land Cruiser (200),J200 (2007 - 2012),https://static.am/automobile_m3/document/l/4/45/44563e080d0923172fb5dc69eed4a35d.jpg
Toyota,Land Cruiser (200),J200 (2007 - 2012),https://static.am/automobile_m3/document/l/a/e9/ae920db5f7735713c8756b05bc3040c2.jpg
Toyota,Land Cruiser (200),J200 (2007 - 2012),https://static.am/automobile_m3/document/l/f/53/f53338c443c85d8c539fb6a110c95b1b.jpg
Toyota,Land Cruiser (200),J200 (2007 - 2012),https://static.am/automobile_m3/document/l/5/8e/58e2911751fcd6631be62f0eae07e09c.jpg
Toyota,Land Cruiser (200),J200 (2007 - 2012),https://static.am/automobile_m3/document/l/0/ab/0abe153fb754cad5a9013bfab7449081.jpg
Volkswagen,Passat CC,1 поколение (2008 - 2012),https://static.am/automobile_m3/document/l/5/2c/52c85c6288607171801f9a58948c2b12.jpg
Volkswagen,Passat CC,1 поколение (2008 - 2012),https://static.am/automobile_m3/document/l/0/c7/0c770ff1f1ba7dcd13ed9ab8d7852123.jpg
Volkswagen,Passat CC,1 поколение (2008 - 2012),https://static.am/automobile_m3/document/l/1/75/1752021c132ba735e587699530759f08.jpg
Volkswagen,Passat CC,1 поколение (2008 - 2012),https://static.am/automobile_m3/document/l/d/c3/dc368f46b25dd04ab7867cc176c9f0d6.jpg
Volkswagen,Passat CC,1 поколение (2008 - 2012),https://static.am/automobile_m3/document/l/4/1d/41dfad50b0ee8b72f97c13189dc496f5.jpg
Volkswagen,Passat CC,1 поколение (2008 - 2012),https://static.am/automobile_m3/document/l/5/21/5214d700c63e0233787730c7553c2fc3.jpg
Volkswagen,Passat CC,1 поколение (2008 - 2012),https://static.am/automobile_m3/document/l/a/c0/ac026c266ec72ce53410d5ca7ec77c6c.jpg
Opel,Astra (GTC),Family/H [рестайлинг] (2005 - 2015),https://static.am/automobile_m3/document/l/b/a2/ba26b3352575aae757a16153671576ce.jpg
Opel,Astra (GTC),Family/H [рестайлинг] (2005 - 2015),https://static.am/automobile_m3/document/l/5/7b/57b0dad0ed841273eb7efada3b7caff4.jpg
Opel,Astra (GTC),Family/H [рестайлинг] (2005 - 2015),https://static.am/automobile_m3/document/l/a/de/ade664862fbcf7dea13e4012698f598c.jpg
Opel,Astra (GTC),Family/H [рестайлинг] (2005 - 2015),https://static.am/automobile_m3/document/l/2/92/29205bb2afdb0866f191829caa4eec9e.jpg
Opel,Astra (GTC),Family/H [рестайлинг] (2005 - 2015),https://static.am/automobile_m3/document/l/0/99/099f3b6c39d83306ef08effa1c16f38e.jpg
Opel,Astra (GTC),Family/H [рестайлинг] (2005 - 2015),https://static.am/automobile_m3/document/l/2/c9/2c93f2c4d653f82b0ff8113f00ff1bb3.jpg
Daewoo,Matiz,M150 [рестайлинг] (2000 - 2016),https://static.am/automobile_m3/document/l/6/24/624bd839171a367531e4c201b0779951.jpg
Daewoo,Matiz,M150 [рестайлинг] (2000 - 2016),https://static.am/automobile_m3/document/l/6/d5/6d50f573ff2cb9d89b975ea8c4e3cbce.jpg
Daewoo,Matiz,M150 [рестайлинг] (2000 - 2016),https://static.am/automobile_m3/document/l/3/59/359095633a76ca45c71a730700fdff86.jpg
Daewoo,Matiz,M150 [рестайлинг] (2000 - 2016),https://static.am/automobile_m3/document/l/a/5e/a5e572be03dad42247467c4b75241e5c.jpg
Daewoo,Matiz,M150 [рестайлинг] (2000 - 2016),https://static.am/automobile_m3/document/l/0/68/0686398c0dab641f142d6913add6204a.jpg
Nissan,Murano,Z51 (2008 - 2011),https://static.am/automobile_m3/document/l/7/e5/7e532d3effdf899ef2e0752d2fc56ba9.jpg
Nissan,Murano,Z51 (2008 - 2011),https://static.am/automobile_m3/document/l/0/9d/09dd66ed3c611d12595a16ba638d9c4a.jpg
Nissan,Murano,Z51 (2008 - 2011),https://static.am/automobile_m3/document/l/f/00/f00c19eeee8574b2aae6323b1033da77.jpg
Nissan,Murano,Z51 (2008 - 2011),https://static.am/automobile_m3/document/l/f/d9/fd94fbfd94715f5caca2afde3081c0f9.jpg
Nissan,Murano,Z51 (2008 - 2011),https://static.am/automobile_m3/document/l/d/1d/d1dc3fec1f7811e5ab4497c5f2d7ba79.jpg
Nissan,Murano,Z51 (2008 - 2011),https://static.am/automobile_m3/document/l/b/d7/bd77562d6d4669682c862b1875102c2d.jpg
Nissan,Murano,Z51 (2008 - 2011),https://static.am/automobile_m3/document/l/b/0c/b0c341e48e974c6a61d37a60b677ebf8.jpg
Mercedes-Benz,C-Класс (200),W204/S204 (2007 - 2012),https://static.am/automobile_m3/document/l/5/5f/55fd412d029754e1425898ec884938f6.jpg
Mercedes-Benz,C-Класс (200),W204/S204 (2007 - 2012),https://static.am/automobile_m3/document/l/f/43/f433fa56dea32df3675c487689161727.jpg
Mercedes-Benz,C-Класс (200),W204/S204 (2007 - 2012),https://static.am/automobile_m3/document/l/7/a3/7a39de3dc4c22c45efdbc67ac6bc7d7a.jpg
Mercedes-Benz,C-Класс (200),W204/S204 (2007 - 2012),https://static.am/automobile_m3/document/l/4/ac/4ac6b724ba9f48840385d769da4b1489.jpg
Mercedes-Benz,C-Класс (200),W204/S204 (2007 - 2012),https://static.am/automobile_m3/document/l/a/4c/a4cdfdf3c8e05f10d5682117195e75b3.jpg
Mercedes-Benz,C-Класс (200),W204/S204 (2007 - 2012),https://static.am/automobile_m3/document/l/f/05/f05d518c46d349abf9c71bd490aadfc1.jpg
Mercedes-Benz,C-Класс (200),W204/S204 (2007 - 2012),https://static.am/automobile_m3/document/l/c/26/c26d3df4fbe9387f238649f05ca282bb.jpg
ВАЗ (Lada),2105,1 поколение (1980 - 2010),https://static.am/automobile_m3/document/l/4/90/4901502cc32192711859833d59688f8b.jpg
ВАЗ (Lada),2105,1 поколение (1980 - 2010),https://static.am/automobile_m3/document/l/1/3c/13c4f16e5e7e7ecbc52cecaec3fdb813.jpg
ВАЗ (Lada),2105,1 поколение (1980 - 2010),https://static.am/automobile_m3/document/l/3/a3/3a3c2aefbc4e0c0423c1484dd2f02fc7.jpg
ВАЗ (Lada),2105,1 поколение (1980 - 2010),https://static.am/automobile_m3/document/l/5/31/53189607e44aaef505f6350cacfb73fd.jpg
ВАЗ (Lada),2105,1 поколение (1980 - 2010),https://static.am/automobile_m3/document/l/a/9b/a9b9609dce2747011babf8cc0eaec174.jpg
ВАЗ (Lada),2105,1 поколение (1980 - 2010),https://static.am/automobile_m3/document/l/e/a1/ea177c6fadc5adcd09905263e728f6d8.jpg
ВАЗ (Lada),2105,1 поколение (1980 - 2010),https://static.am/automobile_m3/document/l/c/5e/c5e0e39884e28d30475d445721ab8db9.jpg
ВАЗ (Lada),Priora,1 поколение (2007 - 2015),https://static.am/automobile_m3/document/l/1/42/14215078253373ae85d18b074516fdca.jpg
ВАЗ (Lada),Priora,1 поколение (2007 - 2015),https://static.am/automobile_m3/document/l/6/90/69018c0f55355b8d4830f3b363a30d02.jpg
ВАЗ (Lada),Priora,1 поколение (2007 - 2015),https://static.am/automobile_m3/document/l/0/7e/07e680bfd2e0e30b5e5d2061a98a000d.jpg
ВАЗ (Lada),Priora,1 поколение (2007 - 2015),https://static.am/automobile_m3/document/l/7/48/748b9431f19f1a3c798c64e70c5be182.jpg
ВАЗ (Lada),Priora,1 поколение (2007 - 2015),https://static.am/automobile_m3/document/l/2/a2/2a2c8b3dd149b4edd00242c06756530f.jpg
ВАЗ (Lada),Priora,1 поколение (2007 - 2015),https://static.am/automobile_m3/document/l/d/af/dafb25da1f78a57d050b9eb169e51255.jpg
ВАЗ (Lada),Priora,1 поколение (2007 - 2015),https://static.am/automobile_m3/document/l/4/5d/45de7d99651d6e87c387d1d34a26034d.jpg
Suzuki,Grand Vitara,2 поколение [рестайлинг] (2008 - 2012),https://static.am/automobile_m3/document/l/1/16/116328663ae6b57c67b685b0ed009c5d.jpg
Suzuki,Grand Vitara,2 поколение [рестайлинг] (2008 - 2012),https://static.am/automobile_m3/document/l/3/e5/3e5862dbec1ddea8e646e384c2278a01.jpg
Suzuki,Grand Vitara,2 поколение [рестайлинг] (2008 - 2012),https://static.am/automobile_m3/document/l/1/ba/1ba522f1030b5345cb70cf43431a6414.jpg
Suzuki,Grand Vitara,2 поколение [рестайлинг] (2008 - 2012),https://static.am/automobile_m3/document/l/c/d9/cd947ef8f37d375763d54ebda40c3486.jpg
Suzuki,Grand Vitara,2 поколение [рестайлинг] (2008 - 2012),https://static.am/automobile_m3/document/l/9/09/9095c9563ee192e490d09d6503e1604f.jpg
Suzuki,Grand Vitara,2 поколение [рестайлинг] (2008 - 2012),https://static.am/automobile_m3/document/l/b/ca/bca1f9850846fe13450f6f1331ce0cf1.jpg
ВАЗ (Lada),Priora,1 поколение (2007 - 2015),https://static.am/automobile_m3/document/l/3/56/356003a648341f3093427a72898ada82.jpg
ВАЗ (Lada),Priora,1 поколение (2007 - 2015),https://static.am/automobile_m3/document/l/d/e2/de2efe5a97262457f7ff531f92dc992d.jpg
ВАЗ (Lada),Priora,1 поколение (2007 - 2015),https://static.am/automobile_m3/document/l/f/9e/f9e2d7445f5ecbd0b081dcd26ded827f.jpg
ВАЗ (Lada),Priora,1 поколение (2007 - 2015),https://static.am/automobile_m3/document/l/1/dd/1dd132a2d4cd17ccaa883be2bae60609.jpg
ВАЗ (Lada),Priora,1 поколение (2007 - 2015),https://static.am/automobile_m3/document/l/d/ec/deca8b2dfb6312b56d91e05ff97722ae.jpg
Skoda,Octavia,1 поколение [рестайлинг] (2000 - 2010),https://static.am/automobile_m3/document/l/6/36/6366697209275eb99d9f1840523b3fec.jpg
Skoda,Octavia,1 поколение [рестайлинг] (2000 - 2010),https://static.am/automobile_m3/document/l/3/5a/35af4316b4adbd57ca8562ad39e63be7.jpg
Skoda,Octavia,1 поколение [рестайлинг] (2000 - 2010),https://static.am/automobile_m3/document/l/4/7c/47cf36f5f14bd8a01be7e95c447c7114.jpg
Skoda,Octavia,1 поколение [рестайлинг] (2000 - 2010),https://static.am/automobile_m3/document/l/1/9c/19cb5255089853b420784900a3cda64b.jpg
Skoda,Octavia,1 поколение [рестайлинг] (2000 - 2010),https://static.am/automobile_m3/document/l/d/db/ddbc612d60112c754471bc23e579ca9d.jpg
Hyundai,ix35,1 поколение (2009 - 2013),https://static.am/automobile_m3/document/l/e/f7/ef7203ae36f130b2d096e70b0cadfb58.jpg
Hyundai,ix35,1 поколение (2009 - 2013),https://static.am/automobile_m3/document/l/a/92/a92c66cdc2f9512ad272007f787e93f6.jpg
Hyundai,ix35,1 поколение (2009 - 2013),https://static.am/automobile_m3/document/l/1/21/121fef52be86acf9f70684907fab6177.jpg
Hyundai,ix35,1 поколение (2009 - 2013),https://static.am/automobile_m3/document/l/f/7e/f7e7fca765f11d3027898b4abc0b9f45.jpg
Hyundai,ix35,1 поколение (2009 - 2013),https://static.am/automobile_m3/document/l/0/88/088cc9e96d08f7bd3e05ae0eba9224a4.jpg
BMW,X6 (40),E71/E72 (2008 - 2012),https://static.am/automobile_m3/document/l/6/6a/66ab24059519a89fcd31de940dedcd97.jpg
BMW,X6 (40),E71/E72 (2008 - 2012),https://static.am/automobile_m3/document/l/b/57/b57aae6f45223a5f2a590a9e67aed894.jpg
BMW,X6 (40),E71/E72 (2008 - 2012),https://static.am/automobile_m3/document/l/e/25/e25e60b3cd3cabfcbffd7419e01c58e2.jpg
BMW,X6 (40),E71/E72 (2008 - 2012),https://static.am/automobile_m3/document/l/2/bc/2bcb21431af7ee88b8de6185f8654dab.jpg
BMW,X6 (40),E71/E72 (2008 - 2012),https://static.am/automobile_m3/document/l/2/4d/24d09adf15e0e68700213d65851ca79d.jpg
BMW,X6 (40),E71/E72 (2008 - 2012),https://static.am/automobile_m3/document/l/6/20/620d0130c816fb6ac30cc7bd6f8eedf3.jpg
BMW,X6 (40),E71/E72 (2008 - 2012),https://static.am/automobile_m3/document/l/c/60/c60d18062bf749d56bd8964208137610.jpg
Kia,Rio,2 поколение [рестайлинг] (2009 - 2011),https://static.am/automobile_m3/document/l/c/76/c7644f3519bbcdc4b18040f08aa72524.jpg
Kia,Rio,2 поколение [рестайлинг] (2009 - 2011),https://static.am/automobile_m3/document/l/2/e4/2e44707ace133c23a216ad0f6646ef33.jpg
Kia,Rio,2 поколение [рестайлинг] (2009 - 2011),https://static.am/automobile_m3/document/l/7/85/785539c1571acdd2d9b050a284c737d2.jpg
Kia,Rio,2 поколение [рестайлинг] (2009 - 2011),https://static.am/automobile_m3/document/l/1/6f/16fa03da5d6b27c316b04809ef9ffa0c.jpg
Kia,Rio,2 поколение [рестайлинг] (2009 - 2011),https://static.am/automobile_m3/document/l/3/93/393e7346d1ba6c7066d2bb14097ba75a.jpg
Kia,Rio,2 поколение [рестайлинг] (2009 - 2011),https://static.am/automobile_m3/document/l/e/c5/ec504794dc77830b389ec3ac51ca2414.jpg
Kia,Rio,2 поколение [рестайлинг] (2009 - 2011),https://static.am/automobile_m3/document/l/1/96/196b11c89eae0043a32fc4e417d23630.jpg
Daewoo,Matiz,M150 [рестайлинг] (2000 - 2016),https://static.am/automobile_m3/document/l/6/cc/6cc2eb4d9d8c7afaba2f7c1a0138252b.jpg
Daewoo,Matiz,M150 [рестайлинг] (2000 - 2016),https://static.am/automobile_m3/document/l/4/88/488a4b1ee0f628360eaedc95536be1e9.jpg
Daewoo,Matiz,M150 [рестайлинг] (2000 - 2016),https://static.am/automobile_m3/document/l/8/9c/89c038df95b2bd2dfc2584b760ab0268.jpg
Daewoo,Matiz,M150 [рестайлинг] (2000 - 2016),https://static.am/automobile_m3/document/l/6/c8/6c81a1f9fa167f73f25ebafec4005532.jpg
Daewoo,Matiz,M150 [рестайлинг] (2000 - 2016),https://static.am/automobile_m3/document/l/d/e7/de706870c559f87fc7999301761ea242.jpg
Volkswagen,Tiguan,1 поколение (2007 - 2011),https://static.am/automobile_m3/document/l/6/22/6221a019aa891047f3ef99073bc09d2d.jpg
Volkswagen,Tiguan,1 поколение (2007 - 2011),https://static.am/automobile_m3/document/l/f/e0/fe08621eb0d779b0ca5a6fc4a56a35bc.jpg
Volkswagen,Tiguan,1 поколение (2007 - 2011),https://static.am/automobile_m3/document/l/9/3e/93e63a0c5f877fde67b2d69860ad6306.jpg
Volkswagen,Tiguan,1 поколение (2007 - 2011),https://static.am/automobile_m3/document/l/0/29/02984d818a68d387c2192ee5afa74904.jpg
Volkswagen,Tiguan,1 поколение (2007 - 2011),https://static.am/automobile_m3/document/l/a/55/a5581617771f1d35a9a60b55f144e74c.jpg
Volkswagen,Tiguan,1 поколение (2007 - 2011),https://static.am/automobile_m3/document/l/4/87/48744ff43d03a5b5bb4e57c0364801fe.jpg
Volkswagen,Tiguan,1 поколение (2007 - 2011),https://static.am/automobile_m3/document/l/9/63/96305e28d6fae26f3052d03c101897d6.jpg
Peugeot,308,T7 (2007 - 2011),https://static.am/automobile_m3/document/l/0/17/0176402ccf375e39c8e1e7572c70a01a.jpg
Peugeot,308,T7 (2007 - 2011),https://static.am/automobile_m3/document/l/6/35/6353debbf4b2a45e74ca2ef4c7aa5f23.jpg
Peugeot,308,T7 (2007 - 2011),https://static.am/automobile_m3/document/l/e/c7/ec71cdc9c8f892b31a5fbb0f9ec0f037.jpg
Peugeot,308,T7 (2007 - 2011),https://static.am/automobile_m3/document/l/7/5d/75dc218d5d29c795e46c5b059f892641.jpg
Peugeot,308,T7 (2007 - 2011),https://static.am/automobile_m3/document/l/b/ca/bcaf24c23e8ee68ebd40164c54484965.jpg
Peugeot,308,T7 (2007 - 2011),https://static.am/automobile_m3/document/l/9/c7/9c7087e187adc7e5047a9442d0012cf9.jpg
Peugeot,308,T7 (2007 - 2011),https://static.am/automobile_m3/document/l/b/4a/b4a6c25816329cebcd34e08bbdac292b.jpg
Volkswagen,Polo,5 поколение (2009 - 2015),https://static.am/automobile_m3/document/l/4/4d/44da78b8dbdc72220f37365de0cdb732.jpg
Volkswagen,Polo,5 поколение (2009 - 2015),https://static.am/automobile_m3/document/l/6/15/615fa0043918b6a912f393c8f7247e36.jpg
Volkswagen,Polo,5 поколение (2009 - 2015),https://static.am/automobile_m3/document/l/d/68/d685c39144ba76a984c88ae9f252b68b.jpg
Volkswagen,Polo,5 поколение (2009 - 2015),https://static.am/automobile_m3/document/l/7/96/796ab0dafbc2a97491d634b2f0e6b40e.jpg
Volkswagen,Polo,5 поколение (2009 - 2015),https://static.am/automobile_m3/document/l/a/09/a09cd018c757c262b458b4bec1e1a43f.jpg
Volkswagen,Passat CC,1 поколение (2008 - 2012),https://static.am/automobile_m3/document/l/2/d4/2d482d35da69c52eabc253da244618a3.jpg
Volkswagen,Passat CC,1 поколение (2008 - 2012),https://static.am/automobile_m3/document/l/0/b8/0b8a216ec0f0d8b157239817162d9a90.jpg
Volkswagen,Passat CC,1 поколение (2008 - 2012),https://static.am/automobile_m3/document/l/c/3f/c3f97608adc702cb68add25e74bb845e.jpg
Volkswagen,Passat CC,1 поколение (2008 - 2012),https://static.am/automobile_m3/document/l/6/e3/6e3e87871c273b06970da6fc43b3860f.jpg
Volkswagen,Passat CC,1 поколение (2008 - 2012),https://static.am/automobile_m3/document/l/0/13/01399d79c4aac2bec263eb03ef750dcb.jpg
Volkswagen,Passat CC,1 поколение (2008 - 2012),https://static.am/automobile_m3/document/l/5/00/50079f44d21c937772ce5356d2a70a23.jpg
Volkswagen,Passat CC,1 поколение (2008 - 2012),https://static.am/automobile_m3/document/l/0/4a/04a97ea3eace2f62d00f121e3a7f9d3c.jpg
ВАЗ (Lada),Priora,1 поколение (2007 - 2015),https://static.am/automobile_m3/document/l/7/7d/77d7bd1c4eb4f794be8d35c999237517.jpg
ВАЗ (Lada),Priora,1 поколение (2007 - 2015),https://static.am/automobile_m3/document/l/d/f9/df9bfbf661f76ea8424643d870b9e0f4.jpg
ВАЗ (Lada),Priora,1 поколение (2007 - 2015),https://static.am/automobile_m3/document/l/6/87/68760a356cb6859b73fb3c68245d0cfc.jpg
ВАЗ (Lada),Priora,1 поколение (2007 - 2015),https://static.am/automobile_m3/document/l/2/95/295bb1362d150031cc8300e2586d6a45.jpg
ВАЗ (Lada),Priora,1 поколение (2007 - 2015),https://static.am/automobile_m3/document/l/0/c1/0c1016ad28146247317ebc6cbfdc21c0.jpg
Land Rover,Freelander,2 поколение (2006 - 2010),https://static.am/automobile_m3/document/l/7/2c/72cc84d1152c27fd875b8fa92ad39037.jpg
Land Rover,Freelander,2 поколение (2006 - 2010),https://static.am/automobile_m3/document/l/e/0e/e0e723d37643b58db8aee6753aa46d72.jpg
Land Rover,Freelander,2 поколение (2006 - 2010),https://static.am/automobile_m3/document/l/b/9c/b9c2601bc4d73606d90cb3f3aeb8796a.jpg
Land Rover,Freelander,2 поколение (2006 - 2010),https://static.am/automobile_m3/document/l/d/d7/dd743734bca52dea76bda09a67b4e4e7.jpg
Land Rover,Freelander,2 поколение (2006 - 2010),https://static.am/automobile_m3/document/l/b/e6/be6cb36289ed99faed75a01a260c279d.jpg
Land Rover,Freelander,2 поколение (2006 - 2010),https://static.am/automobile_m3/document/l/a/a8/aa89d40aea06cce202007994b6ec2127.jpg
Land Rover,Freelander,2 поколение (2006 - 2010),https://static.am/automobile_m3/document/l/8/53/85364326c705fe7fc2c7ee9907b28ab5.jpg
Kia,Sorento,2 поколение (2009 - 2012),https://static.am/automobile_m3/document/l/7/ff/7ff20735f21f282c4b97b2d79d80e8fb.jpg
Kia,Sorento,2 поколение (2009 - 2012),https://static.am/automobile_m3/document/l/e/f0/ef030d9bfdb26c571832ce0df64d6865.jpg
Kia,Sorento,2 поколение (2009 - 2012),https://static.am/automobile_m3/document/l/3/22/322756cd31cdc36d891ccc52b1af90bc.jpg
Kia,Sorento,2 поколение (2009 - 2012),https://static.am/automobile_m3/document/l/d/c0/dc04093f9a558080564659efff1e9c23.jpg
Kia,Sorento,2 поколение (2009 - 2012),https://static.am/automobile_m3/document/l/0/e6/0e66b970801fc355e40412a078c9ecfe.jpg
Kia,Sorento,2 поколение (2009 - 2012),https://static.am/automobile_m3/document/l/f/0e/f0e0e0f6c7bfec8152750cd4124c3b31.jpg
Kia,Sorento,2 поколение (2009 - 2012),https://static.am/automobile_m3/document/l/c/fa/cfac32f2e4bc50d587a536451ecbc4df.jpg
Daewoo,Nexia,1 поколение [2-й рестайлинг] (2008 - 2016),https://static.am/automobile_m3/document/l/9/30/930a82ce5840cdf15a9e0f7120ce6b7e.jpg
Daewoo,Nexia,1 поколение [2-й рестайлинг] (2008 - 2016),https://static.am/automobile_m3/document/l/7/b0/7b0e03ad9cea8a489ba40f2261661ab1.jpg
Daewoo,Nexia,1 поколение [2-й рестайлинг] (2008 - 2016),https://static.am/automobile_m3/document/l/4/49/44965145dcbff2dfd4db866d5e6eedd5.jpg
Daewoo,Nexia,1 поколение [2-й рестайлинг] (2008 - 2016),https://static.am/automobile_m3/document/l/6/f1/6f1088793192392fcc5a82624ae2d950.jpg
Daewoo,Nexia,1 поколение [2-й рестайлинг] (2008 - 2016),https://static.am/automobile_m3/document/l/f/f3/ff32aa5502fa79aa4c5f768ba835a5e4.jpg
Mazda,CX-7,1 поколение [рестайлинг] (2009 - 2012),https://static.am/automobile_m3/document/l/7/cf/7cff47ba11f15410b608971f61dcd3f4.jpg
Mazda,CX-7,1 поколение [рестайлинг] (2009 - 2012),https://static.am/automobile_m3/document/l/c/fa/cfa27c70369a13eea7640596e2263475.jpg
Mazda,CX-7,1 поколение [рестайлинг] (2009 - 2012),https://static.am/automobile_m3/document/l/8/8c/88cc6cdc45262a7a45069ecf5b8c7a0a.jpg
Mazda,CX-7,1 поколение [рестайлинг] (2009 - 2012),https://static.am/automobile_m3/document/l/9/ef/9ef3c99f36b4e73fd52e32b31de29c04.jpg
Mazda,CX-7,1 поколение [рестайлинг] (2009 - 2012),https://static.am/automobile_m3/document/l/6/c3/6c3c6679c6c3621e55daef9bfd3b0b7f.jpg
Mazda,CX-7,1 поколение [рестайлинг] (2009 - 2012),https://static.am/automobile_m3/document/l/f/da/fda8a82b0e31dc3b94c0633b96ec6375.jpg
ВАЗ (Lada),2115,1 поколение (1997 - 2012),https://static.am/automobile_m3/document/l/b/c1/bc1b1fd5f8a23608371591318bd23a94.jpg
ВАЗ (Lada),2115,1 поколение (1997 - 2012),https://static.am/automobile_m3/document/l/1/c0/1c06f9d60bd37469c0e40dc7a6d9e2ab.jpg
ВАЗ (Lada),2115,1 поколение (1997 - 2012),https://static.am/automobile_m3/document/l/6/98/6981d4c80b1d1db319e28ff9685dcc92.jpg
ВАЗ (Lada),2115,1 поколение (1997 - 2012),https://static.am/automobile_m3/document/l/c/12/c12433f6ff2aab7bf745d7925c183a30.jpg
ВАЗ (Lada),2115,1 поколение (1997 - 2012),https://static.am/automobile_m3/document/l/0/82/0826f1e2f4ffa0aa262f62a46d54c8d3.jpg
ВАЗ (Lada),2115,1 поколение (1997 - 2012),https://static.am/automobile_m3/document/l/2/e1/2e16bca6d6d0a1c5322f44c8c028cadb.jpg
ВАЗ (Lada),2115,1 поколение (1997 - 2012),https://static.am/automobile_m3/document/l/7/fd/7fd6fd5119fcf6462fee9b4e5d0c0f7b.jpg
Nissan,Qashqai,1 поколение (2007 - 2010),https://static.am/automobile_m3/document/l/7/8e/78ee58e6b8500cfd810bccffb8e28ef7.jpg
Nissan,Qashqai,1 поколение (2007 - 2010),https://static.am/automobile_m3/document/l/8/90/8905033f29beb029156eb8e6aacf35ee.jpg
Nissan,Qashqai,1 поколение (2007 - 2010),https://static.am/automobile_m3/document/l/7/bd/7bd8393325d2fb4ac73d41f21a02d574.jpg
Nissan,Qashqai,1 поколение (2007 - 2010),https://static.am/automobile_m3/document/l/b/a7/ba7d9f65463e3e98a3b19620051304ee.jpg
Nissan,Qashqai,1 поколение (2007 - 2010),https://static.am/automobile_m3/document/l/d/5a/d5a6f4109c5f4e83e407625da2b887b6.jpg
Nissan,Qashqai,1 поколение (2007 - 2010),https://static.am/automobile_m3/document/l/8/ce/8ce11fc108d77def585ab7e1fa73be67.jpg
Nissan,Qashqai,1 поколение (2007 - 2010),https://static.am/automobile_m3/document/l/c/4d/c4da665b7daeda34bdeee56825c44304.jpg
Volkswagen,Polo,5 поколение (2009 - 2015),https://static.am/automobile_m3/document/l/3/a8/3a813779e9d5aae9a14bc096376d505f.jpg
Volkswagen,Polo,5 поколение (2009 - 2015),https://static.am/automobile_m3/document/l/f/25/f255b1fa55b553f40b89ff100e3222d5.jpg
Volkswagen,Polo,5 поколение (2009 - 2015),https://static.am/automobile_m3/document/l/b/c9/bc93ee85e30e7b2ced97f8330bd6899d.jpg
Volkswagen,Polo,5 поколение (2009 - 2015),https://static.am/automobile_m3/document/l/c/bc/cbcd4ab2e3ec996680c64b3af81ddac4.jpg
Volkswagen,Polo,5 поколение (2009 - 2015),https://static.am/automobile_m3/document/l/c/98/c98222434e98a786970519dcde3365ca.jpg
Volkswagen,Polo,5 поколение (2009 - 2015),https://static.am/automobile_m3/document/l/2/8d/28d9f27bf3cf6957a8c84a7eae5cdfe7.jpg
BMW,X6 (30),E71/E72 (2008 - 2012),https://static.am/automobile_m3/document/l/6/54/6541a5bafbd5c90b124bef272c55a5a2.jpg
BMW,X6 (30),E71/E72 (2008 - 2012),https://static.am/automobile_m3/document/l/0/0c/00cf4d0b2690a27e402d88679ba3b465.jpg
BMW,X6 (30),E71/E72 (2008 - 2012),https://static.am/automobile_m3/document/l/6/8e/68e2d93602f396980e40a797f9b30882.jpg
BMW,X6 (30),E71/E72 (2008 - 2012),https://static.am/automobile_m3/document/l/b/9d/b9d4a36ab77032d445fbb654928ce627.jpg
BMW,X6 (30),E71/E72 (2008 - 2012),https://static.am/automobile_m3/document/l/6/7e/67e69afa9c32ecd95072da5ecae51f07.jpg
BMW,X6 (30),E71/E72 (2008 - 2012),https://static.am/automobile_m3/document/l/8/4e/84e906d3d7fb27493cfc56d8f676e492.jpg
BMW,X6 (30),E71/E72 (2008 - 2012),https://static.am/automobile_m3/document/l/3/b6/3b606fe09c9b81dce1a7d000649bac22.jpg
Ford,S-Max,1 поколение (2006 - 2010),https://static.am/automobile_m3/document/l/9/25/925e02abb213e4604bd8486411897864.jpg
Ford,S-Max,1 поколение (2006 - 2010),https://static.am/automobile_m3/document/l/d/23/d237c3d44c6f5810150c83084b79321d.jpg
Ford,S-Max,1 поколение (2006 - 2010),https://static.am/automobile_m3/document/l/e/48/e485c71b51c1c3b545d73b78965534ce.jpg
Ford,S-Max,1 поколение (2006 - 2010),https://static.am/automobile_m3/document/l/3/8d/38d7cdbac260afd86b0522c5104badd7.jpg
Ford,S-Max,1 поколение (2006 - 2010),https://static.am/automobile_m3/document/l/e/2d/e2df8695fe92e4b26be237444779220a.jpg
Ford,S-Max,1 поколение (2006 - 2010),https://static.am/automobile_m3/document/l/d/ae/dae77bb47f072ab3bdfd6c300ca3c6c2.jpg
Ford,S-Max,1 поколение (2006 - 2010),https://static.am/automobile_m3/document/l/c/d2/cd28270d50191282f30e110a810f1077.jpg
Skoda,Octavia,2 поколение [рестайлинг] (2008 - 2013),https://static.am/automobile_m3/document/l/b/f6/bf62de8c2f2ec78fa7cfe17104e1661c.jpg
Skoda,Octavia,2 поколение [рестайлинг] (2008 - 2013),https://static.am/automobile_m3/document/l/3/e9/3e9dd3e9f469396f7fe0fe87009cb844.jpg
Skoda,Octavia,2 поколение [рестайлинг] (2008 - 2013),https://static.am/automobile_m3/document/l/7/3f/73ff095dca34b6c91bd6a59ca160cb08.jpg
Skoda,Octavia,2 поколение [рестайлинг] (2008 - 2013),https://static.am/automobile_m3/document/l/8/0d/80d5a082a7dad02f337461ca4a3e74d5.jpg
Skoda,Octavia,2 поколение [рестайлинг] (2008 - 2013),https://static.am/automobile_m3/document/l/3/0d/30d0b772015e393cbe49939194261b5c.jpg
Suzuki,Grand Vitara,2 поколение [рестайлинг] (2008 - 2012),https://static.am/automobile_m3/document/l/4/95/4956570c4bd4f37a6b93adae36929739.jpg
Suzuki,Grand Vitara,2 поколение [рестайлинг] (2008 - 2012),https://static.am/automobile_m3/document/l/d/a3/da3eb05259c1a8a5f90cae383f2c59a1.jpg
Suzuki,Grand Vitara,2 поколение [рестайлинг] (2008 - 2012),https://static.am/automobile_m3/document/l/4/ee/4ee064705f7c1b55a9d4765bce987c8b.jpg
Suzuki,Grand Vitara,2 поколение [рестайлинг] (2008 - 2012),https://static.am/automobile_m3/document/l/f/05/f05af91e265c086d54eb58c2805a36ca.jpg
Suzuki,Grand Vitara,2 поколение [рестайлинг] (2008 - 2012),https://static.am/automobile_m3/document/l/0/ad/0ada5abc73e401252de8ba5dbbb6562a.jpg
Suzuki,Grand Vitara,2 поколение [рестайлинг] (2008 - 2012),https://static.am/automobile_m3/document/l/4/23/42387a7c7d51e8ab3ce4b36b3779d95a.jpg
Suzuki,Grand Vitara,2 поколение [рестайлинг] (2008 - 2012),https://static.am/automobile_m3/document/l/9/24/9246c8e0cf6315521cc60c2fe1c97597.jpg
ВАЗ (Lada),2114,1 поколение (2001 - 2013),https://static.am/automobile_m3/document/l/7/f4/7f4140d2b38c762f2234d98807137fee.jpg
ВАЗ (Lada),2114,1 поколение (2001 - 2013),https://static.am/automobile_m3/document/l/0/31/0316ef08cbab7228e217ed02a12ee581.jpg
ВАЗ (Lada),2114,1 поколение (2001 - 2013),https://static.am/automobile_m3/document/l/f/97/f976cb923a58c7d9f7c1818d3046e36d.jpg
ВАЗ (Lada),2114,1 поколение (2001 - 2013),https://static.am/automobile_m3/document/l/9/87/9870fe2368c2ef4cb05690c637fed9e5.jpg
ВАЗ (Lada),2114,1 поколение (2001 - 2013),https://static.am/automobile_m3/document/l/f/5f/f5fe7dd2548c29b344e34fc4263ca6be.jpg
ВАЗ (Lada),2114,1 поколение (2001 - 2013),https://static.am/automobile_m3/document/l/4/4c/44cf5e5d14db2e5e69ef7c3b99a47008.jpg
ВАЗ (Lada),2114,1 поколение (2001 - 2013),https://static.am/automobile_m3/document/l/b/ff/bffb2fe1caf70f65bb9a576aba6fddf4.jpg
Toyota,RAV4,3 поколение [рестайлинг] (2008 - 2010),https://static.am/automobile_m3/document/l/3/39/339a21bc24893c0c4e287750dc9504f2.jpg
Toyota,RAV4,3 поколение [рестайлинг] (2008 - 2010),https://static.am/automobile_m3/document/l/d/aa/daae09f2714853bf03780147740f9e5e.jpg
Toyota,RAV4,3 поколение [рестайлинг] (2008 - 2010),https://static.am/automobile_m3/document/l/b/46/b4656409fe0e0c1859c4caac4164c343.jpg
Toyota,RAV4,3 поколение [рестайлинг] (2008 - 2010),https://static.am/automobile_m3/document/l/1/35/135ad8f4de00b03f4e071c91cefd206c.jpg
Opel,Astra,J (2009 - 2012),https://static.am/automobile_m3/document/l/a/1a/a1ab51354fbe97bcc0184b45f7ade879.jpg
Opel,Astra,J (2009 - 2012),https://static.am/automobile_m3/document/l/7/59/759a5745b114c716efd53a6517051d08.jpg
Opel,Astra,J (2009 - 2012),https://static.am/automobile_m3/document/l/a/db/adb37c4d9f848b3ba205762baab4169f.jpg
Opel,Astra,J (2009 - 2012),https://static.am/automobile_m3/document/l/2/a1/2a1d804a303ce372d3725fb5b73c9f69.jpg
Opel,Astra,J (2009 - 2012),https://static.am/automobile_m3/document/l/2/6c/26c9adf2f8cde72beefcf411fd2b5371.jpg
SsangYong,Kyron,1 поколение [рестайлинг] (2007 - 2015),https://static.am/automobile_m3/document/l/b/ac/bacd776fbb49f91034c61da065cce44a.jpg
SsangYong,Kyron,1 поколение [рестайлинг] (2007 - 2015),https://static.am/automobile_m3/document/l/6/ea/6eae5f830a9f09596ffc5ea70de314a9.jpg
SsangYong,Kyron,1 поколение [рестайлинг] (2007 - 2015),https://static.am/automobile_m3/document/l/5/65/565f2673784b7bf22dd1671eac36ad4a.jpg
SsangYong,Kyron,1 поколение [рестайлинг] (2007 - 2015),https://static.am/automobile_m3/document/l/e/1b/e1be594a5ba5fe174777bbee8df3516b.jpg
SsangYong,Kyron,1 поколение [рестайлинг] (2007 - 2015),https://static.am/automobile_m3/document/l/5/88/58898e10eb27a3b7ab0533ef5cfb6360.jpg
